Pais,Estado,Cidade
United States,Alabama,Auburn
United States,Alabama,Decatur
United States,Alabama,Florence
United States,Alabama,Hoover
United States,Alabama,Huntsville
United States,Alabama,Mobile
United States,Alabama,Montgomery
United States,Alabama,Tuscaloosa
United States,Arizona,Avondale
United States,Arizona,Bullhead City
United States,Arizona,Chandler
United States,Arizona,Gilbert
United States,Arizona,Glendale
United States,Arizona,Mesa
United States,Arizona,Peoria
United States,Arizona,Phoenix
United States,Arizona,Scottsdale
United States,Arizona,Sierra Vista
United States,Arizona,Tempe
United States,Arizona,Tucson
United States,Arizona,Yuma
United States,Arkansas,Conway
United States,Arkansas,Fayetteville
United States,Arkansas,Hot Springs
United States,Arkansas,Jonesboro
United States,Arkansas,Little Rock
United States,Arkansas,Pine Bluff
United States,Arkansas,Rogers
United States,Arkansas,Texarkana
United States,California,Anaheim
United States,California,Antioch
United States,California,Apple Valley
United States,California,Bakersfield
United States,California,Brentwood
United States,California,Burbank
United States,California,Camarillo
United States,California,Chico
United States,California,Chula Vista
United States,California,Citrus Heights
United States,California,Coachella
United States,California,Concord
United States,California,Costa Mesa
United States,California,Danville
United States,California,Davis
United States,California,Dublin
United States,California,El Cajon
United States,California,Encinitas
United States,California,Escondido
United States,California,Fairfield
United States,California,Fresno
United States,California,Hesperia
United States,California,Huntington Beach
United States,California,Inglewood
United States,California,La Mesa
United States,California,La Quinta
United States,California,Laguna Niguel
United States,California,Lake Elsinore
United States,California,Lake Forest
United States,California,Lakewood
United States,California,Lancaster
United States,California,Long Beach
United States,California,Los Angeles
United States,California,Manteca
United States,California,Mission Viejo
United States,California,Modesto
United States,California,Montebello
United States,California,Moreno Valley
United States,California,Morgan Hill
United States,California,Murrieta
United States,California,Oakland
United States,California,Oceanside
United States,California,Ontario
United States,California,Oxnard
United States,California,Pasadena
United States,California,Pico Rivera
United States,California,Pomona
United States,California,Rancho Cucamonga
United States,California,Redding
United States,California,Redlands
United States,California,Redondo Beach
United States,California,Redwood City
United States,California,Riverside
United States,California,Roseville
United States,California,Sacramento
United States,California,Salinas
United States,California,San Bernardino
United States,California,San Clemente
United States,California,San Diego
United States,California,San Francisco
United States,California,San Gabriel
United States,California,San Jose
United States,California,San Luis Obispo
United States,California,San Mateo
United States,California,Santa Ana
United States,California,Santa Barbara
United States,California,Santa Clara
United States,California,Santa Maria
United States,California,Stockton
United States,California,Sunnyvale
United States,California,Temecula
United States,California,Thousand Oaks
United States,California,Torrance
United States,California,Vacaville
United States,California,Vallejo
United States,California,Visalia
United States,California,Westminster
United States,California,Whittier
United States,California,Woodland
United States,California,Yucaipa
United States,Colorado,Arvada
United States,Colorado,Aurora
United States,Colorado,Broomfield
United States,Colorado,Colorado Springs
United States,Colorado,Commerce City
United States,Colorado,Denver
United States,Colorado,Englewood
United States,Colorado,Fort Collins
United States,Colorado,Greeley
United States,Colorado,Littleton
United States,Colorado,Longmont
United States,Colorado,Louisville
United States,Colorado,Loveland
United States,Colorado,Parker
United States,Colorado,Pueblo
United States,Colorado,Thornton
United States,Connecticut,Bristol
United States,Connecticut,Danbury
United States,Connecticut,Fairfield
United States,Connecticut,Manchester
United States,Connecticut,Meriden
United States,Connecticut,Middletown
United States,Connecticut,Milford
United States,Connecticut,Norwich
United States,Connecticut,Shelton
United States,Connecticut,Waterbury
United States,Delaware,Dover
United States,Delaware,Newark
United States,Delaware,Wilmington
United States,District of Columbia,Washington
United States,Florida,Apopka
United States,Florida,Boca Raton
United States,Florida,Boynton Beach
United States,Florida,Coral Gables
United States,Florida,Coral Springs
United States,Florida,Daytona Beach
United States,Florida,Delray Beach
United States,Florida,Deltona
United States,Florida,Fort Lauderdale
United States,Florida,Hialeah
United States,Florida,Hollywood
United States,Florida,Homestead
United States,Florida,Jacksonville
United States,Florida,Jupiter
United States,Florida,Kissimmee
United States,Florida,Lakeland
United States,Florida,Margate
United States,Florida,Melbourne
United States,Florida,Miami
United States,Florida,Miramar
United States,Florida,North Miami
United States,Florida,Orlando
United States,Florida,Ormond Beach
United States,Florida,Palm Coast
United States,Florida,Pembroke Pines
United States,Florida,Pensacola
United States,Florida,Plantation
United States,Florida,Pompano Beach
United States,Florida,Port Orange
United States,Florida,Port Saint Lucie
United States,Florida,Saint Petersburg
United States,Florida,Sanford
United States,Florida,Tallahassee
United States,Florida,Tamarac
United States,Florida,Tampa
United States,Florida,West Palm Beach
United States,Georgia,Athens
United States,Georgia,Atlanta
United States,Georgia,Columbus
United States,Georgia,East Point
United States,Georgia,Macon
United States,Georgia,Marietta
United States,Georgia,Roswell
United States,Georgia,Sandy Springs
United States,Georgia,Smyrna
United States,Georgia,Warner Robins
United States,Idaho,Boise
United States,Idaho,Caldwell
United States,Idaho,Lewiston
United States,Idaho,Meridian
United States,Idaho,Pocatello
United States,Idaho,Twin Falls
United States,Illinois,Arlington Heights
United States,Illinois,Aurora
United States,Illinois,Bloomington
United States,Illinois,Bolingbrook
United States,Illinois,Buffalo Grove
United States,Illinois,Carol Stream
United States,Illinois,Champaign
United States,Illinois,Chicago
United States,Illinois,Danville
United States,Illinois,Decatur
United States,Illinois,Des Plaines
United States,Illinois,Elmhurst
United States,Illinois,Evanston
United States,Illinois,Frankfort
United States,Illinois,Freeport
United States,Illinois,Glenview
United States,Illinois,Highland Park
United States,Illinois,Naperville
United States,Illinois,Normal
United States,Illinois,Oak Park
United States,Illinois,Orland Park
United States,Illinois,Oswego
United States,Illinois,Palatine
United States,Illinois,Park Ridge
United States,Illinois,Peoria
United States,Illinois,Quincy
United States,Illinois,Rockford
United States,Illinois,Romeoville
United States,Illinois,Saint Charles
United States,Illinois,Skokie
United States,Illinois,Tinley Park
United States,Illinois,Wheeling
United States,Illinois,Woodstock
United States,Indiana,Bloomington
United States,Indiana,Columbus
United States,Indiana,Elkhart
United States,Indiana,Greenwood
United States,Indiana,Indianapolis
United States,Indiana,La Porte
United States,Indiana,Lafayette
United States,Indiana,Lawrence
United States,Indiana,Mishawaka
United States,Indiana,New Albany
United States,Indiana,New Castle
United States,Indiana,Noblesville
United States,Indiana,Portage
United States,Indiana,Richmond
United States,Indiana,South Bend
United States,Iowa,Burlington
United States,Iowa,Cedar Rapids
United States,Iowa,Des Moines
United States,Iowa,Dubuque
United States,Iowa,Iowa City
United States,Iowa,Marion
United States,Iowa,Urbandale
United States,Iowa,Waterloo
United States,Kansas,Garden City
United States,Kansas,Manhattan
United States,Kansas,Olathe
United States,Kansas,Overland Park
United States,Kansas,Wichita
United States,Kentucky,Bowling Green
United States,Kentucky,Florence
United States,Kentucky,Georgetown
United States,Kentucky,Henderson
United States,Kentucky,Louisville
United States,Kentucky,Murray
United States,Kentucky,Owensboro
United States,Kentucky,Richmond
United States,Louisiana,Bossier City
United States,Louisiana,Kenner
United States,Louisiana,Lafayette
United States,Louisiana,Lake Charles
United States,Louisiana,Monroe
United States,Maine,Bangor
United States,Maine,Lewiston
United States,Maryland,Baltimore
United States,Maryland,Clinton
United States,Maryland,Columbia
United States,Maryland,Gaithersburg
United States,Maryland,Hagerstown
United States,Maryland,Laurel
United States,Maryland,Rockville
United States,Massachusetts,Andover
United States,Massachusetts,Beverly
United States,Massachusetts,Cambridge
United States,Massachusetts,Everett
United States,Massachusetts,Franklin
United States,Massachusetts,Holyoke
United States,Massachusetts,Lawrence
United States,Massachusetts,Leominster
United States,Massachusetts,Lowell
United States,Massachusetts,Malden
United States,Massachusetts,Marlborough
United States,Massachusetts,New Bedford
United States,Massachusetts,Quincy
United States,Massachusetts,Revere
United States,Michigan,Ann Arbor
United States,Michigan,Canton
United States,Michigan,Dearborn
United States,Michigan,Dearborn Heights
United States,Michigan,Detroit
United States,Michigan,Grand Rapids
United States,Michigan,Holland
United States,Michigan,Jackson
United States,Michigan,Lansing
United States,Michigan,Lincoln Park
United States,Michigan,Midland
United States,Michigan,Mount Pleasant
United States,Michigan,Oak Park
United States,Michigan,Rochester Hills
United States,Michigan,Roseville
United States,Michigan,Royal Oak
United States,Michigan,Saginaw
United States,Michigan,Sterling Heights
United States,Michigan,Taylor
United States,Michigan,Trenton
United States,Michigan,Westland
United States,Minnesota,Apple Valley
United States,Minnesota,Coon Rapids
United States,Minnesota,Cottage Grove
United States,Minnesota,Eagan
United States,Minnesota,Lakeville
United States,Minnesota,Maple Grove
United States,Minnesota,Minneapolis
United States,Minnesota,Moorhead
United States,Minnesota,Rochester
United States,Minnesota,Roseville
United States,Minnesota,Saint Cloud
United States,Minnesota,Saint Paul
United States,Minnesota,Woodbury
United States,Mississippi,Gulfport
United States,Mississippi,Hattiesburg
United States,Mississippi,Jackson
United States,Mississippi,Southaven
United States,Missouri,Columbia
United States,Missouri,Gladstone
United States,Missouri,Independence
United States,Missouri,Jefferson City
United States,Missouri,Kirkwood
United States,Missouri,Saint Charles
United States,Missouri,Saint Louis
United States,Missouri,Saint Peters
United States,Missouri,Springfield
United States,Montana,Billings
United States,Montana,Bozeman
United States,Montana,Great Falls
United States,Montana,Helena
United States,Montana,Missoula
United States,Nebraska,Fremont
United States,Nebraska,Grand Island
United States,Nebraska,Norfolk
United States,Nebraska,Omaha
United States,Nevada,Henderson
United States,Nevada,Las Vegas
United States,Nevada,North Las Vegas
United States,Nevada,Reno
United States,Nevada,Sparks
United States,New Hampshire,Concord
United States,New Hampshire,Dover
United States,New Hampshire,Nashua
United States,New Jersey,Atlantic City
United States,New Jersey,Bayonne
United States,New Jersey,Belleville
United States,New Jersey,Bridgeton
United States,New Jersey,Clifton
United States,New Jersey,East Orange
United States,New Jersey,Hackensack
United States,New Jersey,Lakewood
United States,New Jersey,Linden
United States,New Jersey,Morristown
United States,New Jersey,New Brunswick
United States,New Jersey,Orange
United States,New Jersey,Passaic
United States,New Jersey,Paterson
United States,New Jersey,Perth Amboy
United States,New Jersey,Plainfield
United States,New Jersey,Vineland
United States,New Jersey,Westfield
United States,New Mexico,Albuquerque
United States,New Mexico,Carlsbad
United States,New Mexico,Clovis
United States,New Mexico,Farmington
United States,New Mexico,Las Cruces
United States,New Mexico,Rio Rancho
United States,New Mexico,Santa Fe
United States,New York,Auburn
United States,New York,Buffalo
United States,New York,Freeport
United States,New York,Hempstead
United States,New York,Jamestown
United States,New York,Lindenhurst
United States,New York,Long Beach
United States,New York,Mount Vernon
United States,New York,New Rochelle
United States,New York,New York City
United States,New York,Niagara Falls
United States,New York,Oceanside
United States,New York,Rochester
United States,New York,Rome
United States,New York,Troy
United States,New York,Utica
United States,New York,Watertown
United States,New York,Yonkers
United States,North Carolina,Asheville
United States,North Carolina,Burlington
United States,North Carolina,Cary
United States,North Carolina,Chapel Hill
United States,North Carolina,Charlotte
United States,North Carolina,Concord
United States,North Carolina,Durham
United States,North Carolina,Fayetteville
United States,North Carolina,Gastonia
United States,North Carolina,Goldsboro
United States,North Carolina,Greensboro
United States,North Carolina,Greenville
United States,North Carolina,Hickory
United States,North Carolina,Jacksonville
United States,North Carolina,Monroe
United States,North Carolina,Raleigh
United States,North Carolina,Thomasville
United States,North Carolina,Wilmington
United States,North Carolina,Wilson
United States,North Dakota,Fargo
United States,Ohio,Akron
United States,Ohio,Bowling Green
United States,Ohio,Cincinnati
United States,Ohio,Cleveland
United States,Ohio,Columbus
United States,Ohio,Cuyahoga Falls
United States,Ohio,Dublin
United States,Ohio,Elyria
United States,Ohio,Fairfield
United States,Ohio,Grove City
United States,Ohio,Hamilton
United States,Ohio,Kent
United States,Ohio,Lakewood
United States,Ohio,Lancaster
United States,Ohio,Lorain
United States,Ohio,Marion
United States,Ohio,Medina
United States,Ohio,Mentor
United States,Ohio,Newark
United States,Ohio,Parma
United States,Ohio,Springfield
United States,Ohio,Toledo
United States,Ohio,Troy
United States,Oklahoma,Broken Arrow
United States,Oklahoma,Edmond
United States,Oklahoma,Lawton
United States,Oklahoma,Muskogee
United States,Oklahoma,Norman
United States,Oklahoma,Oklahoma City
United States,Oklahoma,Tulsa
United States,Oregon,Eugene
United States,Oregon,Gresham
United States,Oregon,Hillsboro
United States,Oregon,Medford
United States,Oregon,Portland
United States,Oregon,Redmond
United States,Oregon,Salem
United States,Oregon,Springfield
United States,Oregon,Tigard
United States,Pennsylvania,Allentown
United States,Pennsylvania,Altoona
United States,Pennsylvania,Bethlehem
United States,Pennsylvania,Chester
United States,Pennsylvania,Lancaster
United States,Pennsylvania,Philadelphia
United States,Pennsylvania,Reading
United States,Pennsylvania,York
United States,Rhode Island,Cranston
United States,Rhode Island,Providence
United States,Rhode Island,Warwick
United States,Rhode Island,Woonsocket
United States,South Carolina,Columbia
United States,South Carolina,Florence
United States,South Carolina,Mount Pleasant
United States,South Carolina,North Charleston
United States,South Carolina,Rock Hill
United States,South Carolina,Summerville
United States,South Dakota,Aberdeen
United States,South Dakota,Rapid City
United States,South Dakota,Sioux Falls
United States,Tennessee,Bartlett
United States,Tennessee,Bristol
United States,Tennessee,Chattanooga
United States,Tennessee,Clarksville
United States,Tennessee,Columbia
United States,Tennessee,Franklin
United States,Tennessee,Hendersonville
United States,Tennessee,Jackson
United States,Tennessee,Johnson City
United States,Tennessee,Knoxville
United States,Tennessee,Lebanon
United States,Tennessee,Memphis
United States,Tennessee,Murfreesboro
United States,Tennessee,Nashville
United States,Tennessee,Smyrna
United States,Texas,Abilene
United States,Texas,Allen
United States,Texas,Amarillo
United States,Texas,Arlington
United States,Texas,Austin
United States,Texas,Baytown
United States,Texas,Beaumont
United States,Texas,Bedford
United States,Texas,Brownsville
United States,Texas,Bryan
United States,Texas,Carrollton
United States,Texas,Cedar Hill
United States,Texas,College Station
United States,Texas,Conroe
United States,Texas,Coppell
United States,Texas,Corpus Christi
United States,Texas,Dallas
United States,Texas,Deer Park
United States,Texas,Edinburg
United States,Texas,El Paso
United States,Texas,Fort Worth
United States,Texas,Frisco
United States,Texas,Garland
United States,Texas,Grand Prairie
United States,Texas,Grapevine
United States,Texas,Haltom City
United States,Texas,Harlingen
United States,Texas,Houston
United States,Texas,Huntsville
United States,Texas,Irving
United States,Texas,Keller
United States,Texas,Laredo
United States,Texas,League City
United States,Texas,Lubbock
United States,Texas,Mansfield
United States,Texas,Mcallen
United States,Texas,Mesquite
United States,Texas,Missouri City
United States,Texas,Odessa
United States,Texas,Pasadena
United States,Texas,Pearland
United States,Texas,Pharr
United States,Texas,Plano
United States,Texas,Port Arthur
United States,Texas,Richardson
United States,Texas,Round Rock
United States,Texas,San Angelo
United States,Texas,San Antonio
United States,Texas,San Marcos
United States,Texas,Texas City
United States,Texas,The Colony
United States,Texas,Tyler
United States,Texas,Waco
United States,Utah,Draper
United States,Utah,Layton
United States,Utah,Lehi
United States,Utah,Logan
United States,Utah,Murray
United States,Utah,Orem
United States,Utah,Pleasant Grove
United States,Utah,Provo
United States,Utah,Salt Lake City
United States,Utah,West Jordan
United States,Vermont,Burlington
United States,Virginia,Alexandria
United States,Virginia,Arlington
United States,Virginia,Charlottesville
United States,Virginia,Chesapeake
United States,Virginia,Hampton
United States,Virginia,Harrisonburg
United States,Virginia,Newport News
United States,Virginia,Richmond
United States,Virginia,Salem
United States,Virginia,Springfield
United States,Virginia,Suffolk
United States,Virginia,Virginia Beach
United States,Virginia,Waynesboro
United States,Washington,Auburn
United States,Washington,Bellevue
United States,Washington,Bellingham
United States,Washington,Covington
United States,Washington,Des Moines
United States,Washington,Edmonds
United States,Washington,Everett
United States,Washington,Kent
United States,Washington,Longview
United States,Washington,Marysville
United States,Washington,Olympia
United States,Washington,Pasco
United States,Washington,Redmond
United States,Washington,Renton
United States,Washington,Seattle
United States,Washington,Spokane
United States,Washington,Vancouver
United States,West Virginia,Wheeling
United States,Wisconsin,Appleton
United States,Wisconsin,Eau Claire
United States,Wisconsin,Franklin
United States,Wisconsin,Green Bay
United States,Wisconsin,Kenosha
United States,Wisconsin,La Crosse
United States,Wisconsin,Madison
United States,Wisconsin,Milwaukee
United States,Wisconsin,Sheboygan
United States,Wisconsin,Superior
United States,Wisconsin,Waukesha
United States,Wisconsin,Wausau
United States,Wisconsin,West Allis
United States,Wyoming,Cheyenne
